,frame,nose_x,nose_y,likelihood_nose,left_ear_x,left_ear_y,likelihood_left_ear,right_ear_x,right_ear_y,likelihood_right_ear,neck_x,neck_y,likelihood_neck,left_side_x,left_side_y,likelihood_left_side,right_side_x,right_side_y,likelihood_right_side,tail_base_x,tail_base_y,likelihood_tail_base
124830,124828,85.87493133544922,508.2183532714844,0.7964813709259033,169.5397186279297,480.23284912109375,0.9967928528785706,106.19054412841795,437.9764099121094,0.9957440495491028,144.08477783203125,455.1460876464844,0.9956488013267516,257.36929321289057,364.9654846191406,0.856857180595398,112.02272033691406,330.41436767578125,0.5275071263313293,246.11898803710938,308.5689392089844,0.961398422718048
124831,124829,87.95182037353516,508.724365234375,0.8012580871582031,170.28305053710938,481.7259216308594,0.9969050288200378,107.9123306274414,443.2187805175781,0.9947816729545592,144.17828369140625,458.59320068359375,0.9949687123298644,257.596435546875,364.1397399902344,0.7802602052688599,182.1059112548828,303.9018859863281,0.5419987440109253,245.8316802978516,307.5335388183594,0.9620073437690736
124832,124830,89.2639389038086,517.2749633789061,0.8361579179763794,170.7817840576172,488.1665649414063,0.998171091079712,109.08524322509766,448.7103576660156,0.9893130660057068,143.64002990722656,464.4779968261719,0.9934305548667908,254.6098937988281,382.9374694824219,0.814010739326477,181.75035095214844,304.9752502441406,0.8232249617576599,242.0432586669922,311.09881591796875,0.9111005067825316
124833,124831,90.12049865722656,523.685546875,0.8231813311576843,170.59555053710938,492.177734375,0.9920265078544616,109.4542007446289,451.4289245605469,0.9928926229476928,145.6478271484375,468.5518493652344,0.9963680505752563,251.6334381103516,391.2940368652344,0.8849204778671265,174.90145874023438,306.7991027832031,0.8633741736412048,241.214599609375,316.2172546386719,0.904815912246704
124834,124832,98.50496673583984,517.1724243164061,0.8109415173530579,171.00930786132812,490.8479309082031,0.9974424839019777,108.47718811035156,449.7833862304688,0.9941102862358092,146.10499572753906,464.2937927246094,0.993857204914093,251.20399475097656,392.7914123535156,0.8649840354919434,99.48458099365234,359.2839050292969,0.6826444864273071,234.0870819091797,320.0417785644531,0.7606681585311891
124835,124833,96.61795806884766,517.2349243164061,0.7531703114509583,170.5491485595703,483.2025451660156,0.9986548423767091,109.30633544921876,443.4706726074219,0.9941458702087402,145.5777130126953,460.2278747558594,0.996973752975464,254.16998291015625,387.6539611816406,0.8009820580482483,131.7955322265625,317.4324645996094,0.6698783040046692,233.97671508789062,318.8898620605469,0.7128227949142456
124836,124834,98.96244049072266,503.0967102050781,0.6008744239807129,174.88812255859375,475.6142883300781,0.9968454241752625,114.26071166992188,435.3610534667969,0.9967511892318726,147.88204956054688,448.07427978515625,0.9942016005516052,255.83763122558597,385.4344177246094,0.5633004903793335,132.05464172363278,314.8700866699219,0.767201840877533,234.29736328125,315.54522705078125,0.8622203469276428
124837,124835,99.55023956298828,508.76849365234375,0.6214017271995544,175.9213409423828,473.3518371582031,0.9978506565093994,116.98440551757812,434.2067565917969,0.994729459285736,150.3350067138672,447.5118408203125,0.993818461894989,257.55569458007807,380.718017578125,0.684619665145874,131.97364807128906,315.6944580078125,0.8155891895294191,234.66021728515625,313.51995849609375,0.8188682198524475
124838,124836,111.81678771972656,514.2945556640625,0.8396952748298645,180.3404998779297,475.14837646484375,0.9972370862960817,117.4931869506836,438.9938659667969,0.9894211292266846,152.2586212158203,449.23974609375,0.9976997971534728,259.0196533203125,373.6912536621094,0.6151072978973389,131.28633117675778,316.0959777832031,0.8057623505592346,234.9004211425781,312.50341796875,0.8124819993972778
124839,124837,118.0730972290039,517.1795043945311,0.9089773297309875,183.68458557128903,475.1807556152344,0.9961887001991272,118.87451934814452,444.4691162109375,0.9868020415306092,153.5993194580078,452.1793823242188,0.9989582300186156,258.24392700195307,372.78594970703125,0.6784765124320984,130.26780700683594,315.7337341308594,0.8041839599609375,234.859619140625,312.1192932128906,0.7855205535888672
124840,124838,126.52503204345705,516.5918579101561,0.9114372730255128,186.4005584716797,474.81829833984375,0.9969882369041444,121.48941040039062,445.2661437988281,0.9894864559173584,157.37672424316406,450.9225463867188,0.9990781545639038,258.71640014648443,372.4710998535156,0.6663167476654053,128.57919311523438,316.4938049316406,0.8172313570976257,235.46023559570312,313.55035400390625,0.7635636329650879
124841,124839,134.296630859375,517.7655029296875,0.9308753013610841,188.4309844970703,473.2948913574219,0.9974637031555176,121.87865447998048,445.9010009765625,0.9872130751609802,159.33741760253906,451.6019287109375,0.99884831905365,258.35064697265625,372.81982421875,0.6508839726448059,128.61227416992188,315.8687744140625,0.8110468983650208,235.4732360839844,313.06390380859375,0.7986476421356201
124842,124840,145.03314208984375,519.3574829101561,0.8477197289466858,191.4814453125,474.1459045410156,0.9940971136093141,124.1038589477539,449.3571472167969,0.9898667335510254,158.70138549804688,452.3882446289063,0.9983519315719604,256.119873046875,371.490966796875,0.7043529152870178,127.9724578857422,314.6529235839844,0.7656062841415405,234.47283935546875,312.17474365234375,0.8598873019218445
124843,124841,148.93943786621094,527.0919189453125,0.9563029408454896,194.8197479248047,478.76251220703125,0.9934096932411194,127.09508514404295,455.4643859863281,0.9839116930961608,161.69113159179688,459.5121765136719,0.9947443008422852,256.45098876953125,371.46429443359375,0.650263249874115,125.91091918945312,315.47442626953125,0.7426537871360779,231.23239135742188,311.50640869140625,0.8109220862388611
124844,124842,150.35585021972656,531.7494506835939,0.9580275416374208,193.16265869140625,487.3911743164063,0.9970852732658386,127.56485748291016,463.7525329589844,0.9867045879364014,164.1121368408203,465.9125671386719,0.9979014396667479,250.23709106445312,372.5119323730469,0.8301294445991516,118.00129699707031,324.15191650390625,0.7060352563858032,223.7745361328125,311.0378723144531,0.8328068852424622
124845,124843,145.2546844482422,535.2782592773439,0.9373624920845032,190.1903533935547,490.3478698730469,0.9898631572723388,124.6657485961914,465.5185852050781,0.9941017031669616,158.91354370117188,467.6398010253906,0.9969385862350464,245.78009033203125,372.5849609375,0.7486882209777832,114.94322967529295,328.67266845703125,0.769392728805542,220.0441436767578,311.68646240234375,0.7357267141342163
124846,124844,142.7360382080078,535.6915893554689,0.8177825212478638,189.8159484863281,491.3175048828125,0.9815778136253356,122.00525665283205,468.2270812988281,0.9917105436325072,159.0049591064453,469.7389526367188,0.9981010556221008,221.0376892089844,405.4116821289063,0.7357712388038635,114.75236511230469,328.53973388671875,0.7611702680587769,219.5377655029297,310.9233703613281,0.6249268054962158
124847,124845,138.27716064453122,541.6392211914061,0.8271543979644775,190.99595642089844,496.46575927734375,0.9917353987693788,124.57102966308594,474.9072265625,0.9878303408622742,160.16233825683594,475.7799987792969,0.9923019409179688,220.63162231445312,413.3348083496094,0.7972576022148132,115.06442260742188,328.99664306640625,0.7613040804862976,218.731689453125,310.7140808105469,0.6515278816223145
124848,124846,137.92782592773438,546.2495727539061,0.9246890544891356,191.0977935791016,502.26171875,0.9919081330299376,123.84088897705078,479.4728088378906,0.985381841659546,158.3446807861328,480.3620300292969,0.9967206120491028,221.7833709716797,412.8179931640625,0.8011963367462158,115.03177642822266,332.4661865234375,0.7126970291137695,218.67559814453125,312.03326416015625,0.5746018886566162
124849,124847,134.63606262207028,556.8905029296875,0.9415630102157592,191.9600372314453,511.3816223144531,0.9888945817947388,123.03528594970705,487.0758056640625,0.9882463812828064,158.44790649414062,489.6778869628906,0.99568510055542,220.54478454589844,416.4943542480469,0.8725129961967468,100.75188446044922,354.4301452636719,0.6310819983482361,220.95318603515625,316.9158630371094,0.6309787034988403
124850,124848,136.52200317382812,561.5521240234375,0.9260151386260986,192.8433074951172,518.1058959960939,0.994079887866974,123.92439270019531,495.0690612792969,0.98465758562088,159.4570770263672,495.67779541015625,0.995940089225769,220.8384552001953,420.8802795410156,0.8831892013549805,105.99432373046876,356.4748840332031,0.7294362187385559,219.2551727294922,320.6750183105469,0.6597484350204468
124851,124849,138.84870910644528,571.0375366210938,0.9196654558181764,195.032958984375,525.3521118164061,0.9870932698249816,124.90808868408205,501.6330871582031,0.9869549870491028,159.9656524658203,506.8904113769531,0.9946960210800172,222.07704162597656,422.797607421875,0.7353036999702454,105.45816040039062,359.54779052734375,0.7772845029830933,217.3087158203125,320.9259948730469,0.5062657594680786
124852,124850,145.1990509033203,577.5420532226562,0.9272952675819396,197.00863647460938,534.0863647460939,0.9945350885391236,128.64828491210938,512.1505126953125,0.9842871427536012,164.24798583984375,514.259765625,0.9968563318252563,220.52410888671875,431.3488464355469,0.9061266779899596,102.49494934082031,369.5200805664063,0.776572585105896,214.8361053466797,326.3335876464844,0.6040133237838745
124853,124851,150.62863159179688,587.1744384765625,0.9172170758247375,198.83966064453125,540.7991333007811,0.986642599105835,131.11245727539062,520.669677734375,0.9833233952522278,165.7436065673828,522.8854370117189,0.989781618118286,222.79730224609372,435.9586181640625,0.8348327875137329,103.73748016357422,371.727294921875,0.7568920850753784,211.1511688232422,328.8125,0.7937960624694824
124854,124852,161.3533477783203,594.3483276367188,0.8576487302780151,203.00547790527344,546.5834350585939,0.9926081895828248,135.3887939453125,526.1649169921875,0.984943151473999,171.20196533203125,525.9924926757811,0.994449257850647,223.20327758789062,440.0367126464844,0.7272205352783203,107.02629852294922,374.9586181640625,0.5866714119911194,205.2539825439453,330.7922058105469,0.6624456644058228
124855,124853,160.7793731689453,599.1819458007812,0.9259262084960938,205.0759429931641,551.4937133789061,0.9896021485328674,135.97760009765622,531.1859130859375,0.98216450214386,171.57138061523438,532.828125,0.9981277585029602,228.07696533203125,449.1876220703125,0.8836222887039185,104.1217269897461,424.4656066894531,0.5176847577095032,200.8729705810547,337.4950866699219,0.6003577709197998
124856,124854,150.72315979003906,608.5820922851562,0.9338054656982422,203.82171630859372,559.9266967773439,0.9811144471168518,136.09391784667972,540.7431030273439,0.9845162630081176,169.57662963867188,542.1936645507811,0.9914031624794006,235.41635131835938,455.7635192871094,0.8420052528381348,104.01624298095705,426.584716796875,0.5927293300628662,198.6899871826172,342.4700927734375,0.5442756414413452
124857,124855,145.865234375,614.4736938476562,0.9087536931037904,198.26486206054688,567.8324584960938,0.9917228817939758,131.63851928710938,545.1572875976561,0.988598108291626,166.59957885742188,553.4921264648439,0.9941568374633788,240.01953125,464.36468505859375,0.7507031559944153,103.63912200927734,416.9111022949219,0.6497677564620972,191.73080444335938,348.37957763671875,0.4699878990650177
124858,124856,138.14254760742188,619.0851440429688,0.8763212561607361,195.8404083251953,570.42919921875,0.9928580522537231,126.9959487915039,548.170654296875,0.9928001165390016,160.7961883544922,554.1603393554689,0.9927238821983336,244.98878479003903,443.2127990722656,0.8925906419754028,98.36781311035156,416.279296875,0.6353856325149536,244.9001922607422,393.0243225097656,0.4678119719028473
124859,124857,133.24249267578122,615.2144165039062,0.950871467590332,192.52479553222656,569.4612426757812,0.9935278296470642,124.83485412597656,546.28173828125,0.9949389696121216,158.73548889160156,549.76904296875,0.9953692555427552,242.50267028808597,442.173828125,0.8101208806037903,95.74801635742188,407.0324096679688,0.6003310680389404,242.1462860107422,392.58489990234375,0.3549342453479767
124860,124858,130.32138061523438,616.7987060546875,0.9481858611106871,190.0624084472656,571.2332153320312,0.9870420694351196,124.0953369140625,546.2530517578125,0.994668424129486,157.7881317138672,548.3861083984375,0.997490167617798,243.4833984375,434.3726501464844,0.757731020450592,96.244384765625,410.8736572265625,0.5914239883422852,182.874267578125,352.9203186035156,0.3343449532985687
124861,124859,130.21141052246094,623.9285278320312,0.9539661407470704,189.0621337890625,574.6287231445312,0.9883964657783508,121.22982025146484,552.130859375,0.9879833459854126,156.04440307617188,551.5007934570311,0.997926950454712,229.4639892578125,450.9228210449219,0.8033276796340942,91.3518295288086,409.9367370605469,0.729889452457428,181.3627471923828,352.6466979980469,0.3151877224445343
124862,124860,133.6611328125,629.2324829101562,0.9742642641067504,188.34564208984372,578.9126586914062,0.9966164231300354,118.58904266357422,559.1258544921875,0.9842568039894104,153.7427215576172,558.406005859375,0.9910770654678344,219.3644256591797,463.97369384765625,0.8253333568572998,82.12322235107422,416.428955078125,0.5300495028495789,177.46966552734375,352.4468994140625,0.4151548743247986
124863,124861,134.09771728515622,633.4494018554688,0.9624511599540709,188.3832244873047,585.05078125,0.9953386783599854,121.04791259765624,564.21826171875,0.9874992966651917,153.91160583496094,562.4619750976561,0.998197376728058,224.9140625,410.7532958984375,0.8821585774421692,80.14443969726562,419.9407043457031,0.6324865221977234,183.9605865478516,356.3201904296875,0.4692073464393616
124864,124862,132.78657531738278,637.425048828125,0.9459221363067628,185.9636688232422,588.8699951171875,0.9891564846038818,117.0232925415039,567.9378662109375,0.9780998826026917,153.815185546875,567.9356689453125,0.9942123293876648,220.8654327392578,431.6687927246094,0.9002711772918701,78.82775115966797,422.54730224609375,0.4864290952682495,191.97833251953125,361.8201599121094,0.7461804151535034
124865,124863,132.71995544433594,641.1090698242188,0.9387871026992798,184.09132385253903,592.8366088867188,0.9948818683624268,116.51246643066406,573.7364501953125,0.9838391542434692,152.31796264648438,574.2159423828125,0.9848618507385254,219.8945159912109,449.30419921875,0.6254952549934387,81.12467956542969,421.8869323730469,0.5521555542945862,191.65280151367188,364.6480407714844,0.7474262118339539
124866,124864,131.34382629394528,643.5337524414062,0.9340248703956604,182.65948486328125,598.4298095703125,0.9961453676223756,113.96987915039062,579.3665161132812,0.993066430091858,149.95925903320312,580.312744140625,0.995632827281952,220.47705078125,454.77294921875,0.8328270316123962,81.76215362548828,429.7154541015625,0.5882794260978699,190.4770355224609,369.560791015625,0.6674268841743469
124867,124865,129.09799194335938,652.5504150390625,0.9055848121643066,180.09295654296875,605.9573364257812,0.9950546026229858,111.93856811523438,588.4110107421875,0.9919729232788086,146.40647888183594,587.1385498046875,0.9928812980651855,221.15142822265625,455.9051208496094,0.8901333808898926,80.23373413085938,435.08587646484375,0.5724589228630066,190.6769561767578,372.75872802734375,0.6218907833099365
124868,124866,126.82344818115234,660.2932739257812,0.8967629671096802,177.16493225097656,617.3531494140625,0.9946749210357666,109.79889678955078,598.062255859375,0.9930244684219359,144.28964233398438,597.5806884765625,0.9945606589317322,219.3882141113281,463.2832336425781,0.9210849404335022,102.44042205810548,404.86041259765625,0.3708184659481049,185.3020782470703,376.23272705078125,0.347526490688324
124869,124867,124.41071319580078,660.9682006835938,0.8922759294509888,178.48106384277344,621.3056640625,0.9915686249732972,110.80548095703124,602.3636474609375,0.9885314702987672,144.3294677734375,602.31103515625,0.9894567131996156,217.7310943603516,465.7017211914063,0.896217942237854,129.03871154785156,396.63970947265625,0.4967839419841766,187.5749664306641,383.07598876953125,0.24707181751728055
124870,124868,120.53490447998048,659.3230590820312,0.9087608456611632,180.9587554931641,620.2255249023438,0.9927775859832764,111.51335144042969,598.32763671875,0.9887070655822754,147.39283752441406,602.7217407226562,0.9918326139450072,220.1525421142578,467.2213745117188,0.7746304273605347,89.3562240600586,448.07958984375,0.4080191552639008,188.3326873779297,392.0350341796875,0.7330079674720764
124871,124869,127.89371490478516,658.3001708984375,0.8959392309188843,183.4393310546875,620.714599609375,0.985771417617798,116.73792266845705,597.7207641601562,0.990739107131958,151.73110961914062,600.470947265625,0.9884098768234252,227.1168212890625,466.2853393554688,0.8697130084037781,93.192626953125,452.6294555664063,0.506710946559906,187.7786865234375,393.3392333984375,0.6632608771324158
124872,124870,131.03164672851562,662.0305786132812,0.9279844164848328,184.7639617919922,624.656005859375,0.9867284893989564,121.11991119384766,603.0294189453125,0.989812672138214,151.4020233154297,606.0795288085938,0.9800798296928406,227.60427856445312,467.099365234375,0.8893482089042664,93.56436157226562,452.726806640625,0.5378023982048035,187.97775268554688,395.2984924316406,0.7200542688369751
124873,124871,132.93006896972656,668.7890014648438,0.9082679152488708,189.7273406982422,630.5044555664062,0.993281066417694,122.44664764404295,607.91162109375,0.9885826110839844,156.19717407226562,608.2254028320312,0.9946388602256776,226.00216674804688,467.82666015625,0.9058637619018556,91.55056762695312,451.2825012207031,0.4688995778560638,181.68179321289062,394.0125732421875,0.5078679919242859
124874,124872,132.30924987792972,670.6275024414062,0.9124303460121156,189.3506317138672,632.6409301757812,0.990036964416504,119.43831634521484,608.0016479492188,0.9814751148223876,156.02947998046875,611.8612670898438,0.995028793811798,223.157958984375,474.06524658203125,0.934027135372162,90.58634185791016,452.8312683105469,0.5875697731971741,168.53025817871094,397.8140869140625,0.7522330284118652
124875,124873,131.38021850585938,669.6168212890625,0.8610427379608154,187.5746154785156,633.355712890625,0.9884445667266846,119.3631362915039,606.8946533203125,0.98704332113266,154.33682250976562,612.0309448242188,0.9956056475639344,223.48471069335938,474.15704345703125,0.9445723295211792,89.55549621582031,455.02337646484375,0.774679958820343,162.6923828125,399.3260803222656,0.5040212273597717
124876,124874,120.20530700683594,667.6992797851562,0.8892409205436707,183.47442626953125,634.2186279296875,0.986769676208496,116.52643585205078,608.7328491210938,0.9867974519729614,151.12013244628906,615.4965209960938,0.9931837916374208,223.5543212890625,474.4773864746094,0.9503472447395324,89.63186645507812,456.4328308105469,0.7813695073127747,159.95069885253906,400.76397705078125,0.5003582835197449
124877,124875,117.3004150390625,669.8516235351562,0.9144320487976074,183.77899169921875,635.6586303710938,0.9891515970230104,115.45164489746094,609.8701782226562,0.9852510690689088,150.08798217773438,619.3197021484375,0.9818210005760192,225.52239990234372,473.4273071289063,0.9327352643013,89.29518127441406,456.9846496582031,0.7883277535438538,162.828125,403.5306396484375,0.5932968854904175
124878,124876,115.35836791992188,670.5048828125,0.7964757084846497,181.1084289550781,641.2158203125,0.995422065258026,115.68360137939452,614.7774047851562,0.9895736575126648,150.69447326660156,624.06494140625,0.9847862124443054,228.90325927734372,472.6383666992188,0.9193811416625975,88.21197509765625,465.91827392578125,0.5425577759742737,154.6235809326172,412.9491271972656,0.8238539695739746
124879,124877,113.69145965576172,672.1828002929688,0.8137819170951843,179.50070190429688,642.7938842773438,0.9951811432838441,113.0011978149414,616.5048217773438,0.9811387658119202,148.0800018310547,624.0555419921875,0.9889658093452454,225.72157287597656,472.5020751953125,0.8943888545036316,86.39167022705078,472.72991943359375,0.6380641460418701,146.6015167236328,417.1080322265625,0.6573054790496826
124880,124878,105.66505432128906,667.9305419921875,0.7750546336174011,175.46701049804688,639.5696411132812,0.9922061562538148,109.14793395996094,611.0546264648438,0.9712142944335938,140.95298767089844,621.1954345703125,0.985632061958313,221.02066040039062,467.2547607421875,0.9164084792137146,86.82765197753906,472.7183227539063,0.7248067259788513,143.36842346191406,414.0367736816406,0.7827828526496887
124881,124879,103.02235412597656,660.2329711914062,0.668831467628479,170.37530517578125,636.9940185546875,0.9912044405937196,98.9850845336914,605.5805053710938,0.9505348801612854,137.56340026855472,617.5713500976562,0.984103798866272,219.5832977294922,466.7151184082031,0.9428166151046752,88.2957763671875,466.1897888183594,0.6913511753082275,144.3479461669922,410.7501525878906,0.8499302864074707
124882,124880,111.48555755615234,661.6516723632812,0.6344882249832153,167.4778289794922,636.6998901367188,0.9956730008125304,93.43154907226562,601.3794555664062,0.9403454065322876,134.48072814941406,616.2073364257812,0.9950796365737916,221.3349456787109,465.9893798828125,0.9297032356262208,90.19644927978516,466.3193664550781,0.6561311483383179,145.86175537109375,412.4017333984375,0.8709534406661987
124883,124881,112.64703369140624,662.8970336914062,0.5806609392166138,170.2436981201172,637.2381591796875,0.9906304478645324,95.3459701538086,600.10546875,0.8879386782646179,135.7288818359375,617.5980224609375,0.9919869899749756,221.85325622558597,466.0417175292969,0.9235216975212096,92.06524658203124,466.98876953125,0.4706497490406037,147.2527313232422,412.9200744628906,0.8808034062385559
124884,124882,104.98761749267578,662.3955078125,0.8457905054092407,174.84994506835938,638.6664428710938,0.9913414120674132,103.26061248779295,604.4574584960938,0.943770945072174,141.54522705078125,617.8579711914062,0.9886595010757446,222.87998962402344,467.2017822265625,0.8876121640205383,91.78019714355469,469.0480651855469,0.5484294295310974,148.24609375,415.34271240234375,0.7981407046318054
124885,124883,113.76856231689452,659.1743774414062,0.8092590570449829,179.1736297607422,636.4843139648438,0.993995487689972,108.19863891601562,604.1506958007812,0.9577693939208984,147.65513610839844,616.9246826171875,0.9905718564987184,221.9134826660156,465.6476135253906,0.9133296012878418,91.33133697509766,468.0116271972656,0.5951268672943115,145.62229919433594,415.91607666015625,0.8415316343307495
124886,124884,109.63346862792969,658.9085083007812,0.7936556339263916,177.4696044921875,634.787109375,0.9909060001373292,104.40363311767578,603.3125610351562,0.9662126302719116,144.89442443847656,614.948486328125,0.9879963994026184,221.3839874267578,466.9336853027344,0.916082501411438,91.4206771850586,468.5898132324219,0.6882004737854004,146.22166442871094,416.4355773925781,0.8354071378707886
124887,124885,103.06127166748048,661.1284790039062,0.7471932768821716,174.71331787109375,638.4127197265625,0.9846317768096924,106.37767791748048,604.2225952148438,0.9769888520240784,144.54864501953125,616.4679565429688,0.9889137148857116,219.40478515625,464.73870849609375,0.9412254691123962,89.91143035888672,466.9578552246094,0.747527003288269,143.64306640625,414.1920166015625,0.8880435824394226
124888,124886,101.11038970947266,659.2056274414062,0.6262913346290588,173.1616973876953,636.1658935546875,0.988657534122467,99.68157196044922,602.0147094726562,0.978302240371704,139.26664733886722,612.3532104492188,0.9927296042442322,219.38217163085938,465.17181396484375,0.945785641670227,89.61467742919922,464.625244140625,0.723469614982605,144.41542053222656,411.9156494140625,0.9105314612388612
124889,124887,101.0685577392578,659.5399780273438,0.6196480989456177,172.8699188232422,635.2603759765625,0.9890918731689452,99.19232177734376,601.8897705078125,0.9727353453636168,138.73886108398438,611.953369140625,0.993780553340912,220.10597229003903,464.224365234375,0.9415227174758912,90.52625274658205,464.0063171386719,0.6435807347297668,146.44253540039062,411.3456115722656,0.9124369025230408
124890,124888,99.4713363647461,659.4987182617188,0.7083157896995544,175.19964599609375,631.552978515625,0.9939206838607788,98.3614730834961,600.7294921875,0.9502315521240234,138.72341918945312,608.3411254882812,0.9929553866386414,219.8740081787109,464.50921630859375,0.945137858390808,91.0273666381836,463.9875793457031,0.6193131804466248,147.31507873535156,412.0278930664063,0.8942586779594421
124891,124889,103.98833465576172,660.0235595703125,0.7580310702323914,175.83047485351562,631.0565795898438,0.9942581653594972,99.3162078857422,600.6353759765625,0.9580413103103638,139.65592956542972,607.7980346679688,0.9927883744239808,220.1806640625,464.2920227050781,0.9473970532417296,91.1192398071289,463.95745849609375,0.5964303016662598,148.18704223632812,411.6742858886719,0.8919188380241394
124892,124890,108.12803649902344,659.5319213867188,0.8492189049720764,174.17877197265625,630.1283569335938,0.9905806183815002,95.52772521972656,599.0241088867188,0.935265839099884,137.49411010742188,606.9505615234375,0.9784211516380309,219.5240173339844,463.7767028808594,0.9529128670692444,91.03485870361328,463.4999084472656,0.6589069366455078,147.45523071289062,411.9078369140625,0.9105607271194458
124893,124891,103.47817993164062,658.1266479492188,0.8511621356010437,175.28273010253906,629.5960083007812,0.990269422531128,94.5434112548828,598.2198486328125,0.9520330429077148,134.83000183105472,606.9627075195312,0.9838473200798036,219.6381683349609,463.8070983886719,0.953400731086731,90.83783721923828,463.5355224609375,0.6563585996627808,148.46067810058594,411.57421875,0.9231469631195068
124894,124892,102.63996887207031,657.5057373046875,0.8280861377716064,175.54969787597656,630.8961791992188,0.989578902721405,94.47634887695312,597.9154052734375,0.9499630928039552,137.06536865234378,606.84375,0.9846522808074952,219.49624633789062,463.90472412109375,0.9479364156723022,90.55152893066406,463.3390502929688,0.6602074503898621,148.32553100585938,411.5869445800781,0.9109407067298888
124895,124893,103.2519760131836,658.369384765625,0.854295551776886,174.06271362304688,633.3515014648438,0.99258691072464,95.03659057617188,600.996826171875,0.9244174957275392,136.28767395019528,610.0919189453125,0.9901167750358582,219.43284606933597,464.241943359375,0.9504750967025756,90.40867614746094,464.58087158203125,0.6797054409980774,149.4818115234375,411.9632263183594,0.9058042764663696
124896,124894,104.5481948852539,659.6682739257812,0.8475244641304016,175.99014282226562,633.6353149414062,0.992883801460266,98.3779525756836,600.1981201171875,0.9327127933502196,139.54287719726562,609.876220703125,0.9893565773963928,219.3589172363281,463.8159484863281,0.9461025595664978,90.0559310913086,463.9942932128906,0.653462827205658,149.04515075683594,411.460693359375,0.9011365175247192
124897,124895,108.43492126464844,661.4629516601562,0.7985150218009949,176.5526580810547,634.333251953125,0.9919435977935792,101.24222564697266,601.7841186523438,0.9672351479530334,141.06402587890625,610.7255249023438,0.9940378665924072,219.4473571777344,463.98370361328125,0.9569944143295288,90.48063659667969,466.3251037597656,0.7467346787452698,147.6498260498047,412.3775634765625,0.9159724712371826
124898,124896,108.82791137695312,661.1997680664062,0.8055287599563599,176.75289916992188,635.4790649414062,0.9910311698913574,101.93740844726562,601.8348999023438,0.9686464667320251,141.97068786621094,611.1256713867188,0.9936936497688292,219.5601806640625,464.1888122558594,0.9533872008323668,90.97378540039062,466.7616882324219,0.7563952207565308,147.78736877441406,412.6183776855469,0.8991410136222839
124899,124897,102.25457000732422,663.789306640625,0.8306128978729248,174.10997009277344,636.2715454101562,0.9863237738609314,100.5694808959961,602.2730102539062,0.970340609550476,140.71563720703122,612.7376708984375,0.9938170313835144,219.4923248291016,463.7766418457031,0.951366662979126,91.42967224121094,466.879638671875,0.7354696393013,147.51148986816406,412.73931884765625,0.8980879187583923
124900,124898,100.92155456542969,660.5907592773438,0.8113345503807068,172.19058227539062,637.6312866210938,0.9884148836135864,97.9885711669922,601.72119140625,0.964674949645996,138.28190612792972,613.1971435546875,0.9911097288131714,219.37420654296875,463.8226013183594,0.950966775417328,91.2597427368164,466.90753173828125,0.7229558825492859,146.96661376953125,413.0863342285156,0.8938303589820862
124901,124899,101.78968811035156,659.3851318359375,0.774466335773468,171.2488555908203,637.3701782226562,0.9905312657356262,94.8022918701172,601.4608764648438,0.9418802857398988,137.0126953125,612.11474609375,0.9927465319633484,219.4809417724609,463.8830261230469,0.9508910775184632,90.95162200927734,466.2120361328125,0.7143814563751221,148.11549377441406,412.3009338378906,0.908067524433136
124902,124900,103.92637634277344,659.5761108398438,0.8032196164131165,174.9114990234375,633.4458618164062,0.9938948750495912,94.29842376708984,596.5706176757812,0.940241277217865,137.01222229003906,608.509765625,0.991713523864746,219.27371215820312,463.4866027832031,0.951366364955902,90.01378631591797,465.4965515136719,0.7422729730606079,146.3113555908203,410.3343505859375,0.8748751878738403
124903,124901,108.56159210205078,660.4888916015625,0.8681880235671997,176.40036010742188,632.3064575195312,0.9927352666854858,96.67267608642578,594.7318725585938,0.9515303969383241,139.42666625976562,606.3323974609375,0.991094172000885,219.248291015625,463.6268310546875,0.9542559385299684,90.64376068115234,465.0178527832031,0.7048933506011963,147.11903381347656,406.9738159179688,0.8286378383636475
124904,124902,114.90767669677734,661.2010498046875,0.9418764710426332,180.9550628662109,625.7395629882812,0.997208058834076,97.95027160644531,594.396484375,0.9484300017356871,141.3747100830078,603.0972290039062,0.9919580221176147,219.1865692138672,463.4519348144531,0.9598901867866516,89.61799621582031,464.783935546875,0.7201253175735474,147.341552734375,405.7572021484375,0.8273178935050964
124905,124903,119.82630920410156,663.0401000976562,0.9608321189880372,183.36888122558597,621.6112060546875,0.9910950660705566,98.9476089477539,596.353515625,0.945306658744812,143.871826171875,601.6433715820312,0.991200864315033,219.3816375732422,464.0616455078125,0.9647650718688964,89.3608169555664,464.9264526367188,0.7153059840202332,147.79806518554688,405.381103515625,0.8220704793930054
124906,124904,132.68771362304688,663.5570678710938,0.9688358306884766,189.227294921875,618.4989013671875,0.9905940294265748,110.32266998291016,601.360107421875,0.9706335067749025,148.80572509765625,602.331787109375,0.9907754063606262,219.0855255126953,464.8881530761719,0.9647995829582214,89.2909927368164,465.6858825683594,0.7895574569702148,148.5157470703125,406.3332824707031,0.8194908499717712
124907,124905,146.8495635986328,668.6228637695312,0.9515485167503356,195.04254150390625,618.171875,0.9936717748641968,122.73287200927734,606.809326171875,0.9595192074775696,158.05650329589844,604.5421752929688,0.9767966866493224,218.99560546875,465.50494384765625,0.9625397324562072,91.17479705810548,466.6206665039063,0.7736659646034241,146.87673950195312,410.0620422363281,0.8460769057273865
124908,124906,151.52151489257812,668.7770385742188,0.9649664759635924,198.89202880859372,618.0702514648438,0.9907070398330688,123.67848205566406,612.7867431640625,0.991862654685974,159.1696014404297,605.44189453125,0.9936546087265016,219.24935913085938,466.57366943359375,0.961239457130432,91.39675903320312,468.0278625488281,0.7824947834014893,146.69749450683594,411.96319580078125,0.8724512457847595
124909,124907,165.90188598632812,670.8696899414062,0.9683185815811156,205.75885009765625,618.4976196289062,0.9843961000442504,126.57933807373048,615.1400146484375,0.9903836846351624,164.410400390625,606.904541015625,0.9954612851142884,218.78988647460938,468.4682922363281,0.9481423497200012,91.22218322753906,469.6424255371094,0.8026103973388672,146.262451171875,414.790771484375,0.8296699523925781
124910,124908,175.925048828125,669.0838012695312,0.9012000560760498,209.6553192138672,616.7061157226562,0.9888943433761596,129.93882751464844,614.70703125,0.9869043231010436,167.0481414794922,605.93701171875,0.9912153482437134,219.34298706054688,471.5848693847656,0.9463735818862916,91.32716369628906,469.8792724609375,0.7868252992630005,145.56292724609375,415.6734619140625,0.7942653298377991
124911,124909,188.6673889160156,673.6950073242188,0.9426235556602478,216.08767700195312,613.9639282226562,0.9912447333335876,132.02284240722656,618.9286499023438,0.9910679459571838,174.04515075683594,606.01025390625,0.9899689555168152,218.54893493652344,473.1925659179688,0.9330788254737854,91.06526184082031,471.75830078125,0.7369028925895691,145.4510955810547,417.2746276855469,0.6940227746963501
124912,124910,205.9864959716797,676.805419921875,0.9347272515296936,223.3486633300781,615.07275390625,0.9960387945175172,136.68817138671878,622.6243286132812,0.9858312606811525,178.92738342285156,607.9251708984375,0.9928252696990968,218.46652221679688,476.0086364746094,0.9342161417007446,93.93565368652344,472.33404541015625,0.5074638724327087,147.49490356445312,418.3512878417969,0.7472544312477112
124913,124911,212.2170562744141,683.8430786132812,0.8751161694526672,227.79319763183597,615.084716796875,0.9947298765182496,143.13485717773438,628.6275024414062,0.9892039895057678,182.72315979003903,612.945068359375,0.9949842691421508,218.7638092041016,478.487060546875,0.909810483455658,94.20431518554688,479.0112609863281,0.5014816522598267,146.1045379638672,422.2818908691406,0.7328267097473145
124914,124912,210.2730865478516,683.3988037109375,0.8745228052139282,230.85031127929688,622.2311401367188,0.9940510392189026,146.9724578857422,631.72119140625,0.992115318775177,187.1101837158203,617.7982177734375,0.9930116534233092,217.79226684570312,479.2190246582031,0.9104205965995787,93.5404281616211,476.5939331054688,0.5927858352661133,139.92181396484378,424.395263671875,0.8865829110145569
124915,124913,207.7620391845703,683.1207275390625,0.8387296199798584,231.1654052734375,625.7420043945312,0.9953859448432922,147.61187744140625,632.5343017578125,0.9915341734886168,188.0502777099609,619.3243408203125,0.9930550456047058,218.05593872070312,480.1769104003906,0.9090131521224976,93.27019500732422,482.26116943359375,0.5474982261657715,140.01914978027344,426.05694580078125,0.8482925295829773
124916,124914,209.4112243652344,682.2330322265625,0.883574366569519,230.8662414550781,626.899658203125,0.9954903721809388,148.0052032470703,632.93505859375,0.990957736968994,188.15403747558597,620.0247802734375,0.993401825428009,217.087646484375,479.3492431640625,0.904602348804474,94.64118194580078,482.7127685546875,0.607272207736969,140.20442199707028,427.2621154785156,0.8545342683792114
124917,124915,212.5519561767578,691.344970703125,0.8503743410110474,231.6448211669922,625.4608764648438,0.9942489862442015,149.28297424316406,632.9776611328125,0.9887419342994691,189.14903259277344,619.4573364257812,0.993592083454132,217.7301788330078,480.9441833496094,0.9026843905448914,94.91095733642578,483.2706909179688,0.6169474720954895,140.05741882324222,427.6713562011719,0.8376867175102234
124918,124916,221.4152374267578,690.1734619140625,0.8966294527053833,235.4584197998047,626.677001953125,0.9970882534980774,155.56689453125,634.8175048828125,0.989563286304474,193.07943725585938,621.1503295898438,0.9977952241897584,217.72262573242188,481.00079345703125,0.9067963361740112,94.69017791748048,485.3812255859375,0.614669680595398,140.19976806640622,429.5928039550781,0.8237427473068237
124919,124917,223.23516845703125,690.3549194335938,0.9291534423828124,238.1832733154297,628.3770141601562,0.9975257515907288,155.37464904785156,637.2059936523438,0.9874246716499328,194.4416656494141,622.4072265625,0.9964709281921388,218.91200256347656,481.8675842285156,0.9260204434394836,94.89942932128906,487.6737976074219,0.5752933621406555,141.32594299316406,431.5748901367188,0.6693048477172852
124920,124918,227.1723937988281,692.8114624023438,0.9278223514556884,240.32774353027344,631.51416015625,0.9967288970947266,155.8427734375,639.9971923828125,0.9882597923278807,194.83932495117188,626.0892944335938,0.9958235025405884,219.88780212402344,482.874755859375,0.9388223886489868,95.67213439941406,499.306396484375,0.5922102332115173,143.2193603515625,430.9474792480469,0.6793670058250427
124921,124919,226.85104370117188,695.80712890625,0.889665424823761,243.6133728027344,632.7173461914062,0.9956236481666564,159.4247283935547,645.7184448242188,0.9875739216804504,198.12828063964844,630.7125854492188,0.9966475367546082,219.47186279296875,484.5376892089844,0.9419854283332824,97.16715240478516,502.9922790527344,0.7126340866088867,143.20547485351562,437.9814453125,0.5904867053031921
124922,124920,228.6941680908203,700.748046875,0.8574810028076172,247.7599639892578,639.5355224609375,0.9936098456382751,164.27850341796875,649.2410888671875,0.9860897064208984,203.4592742919922,635.5120239257812,0.9917938113212584,218.7582092285156,486.880126953125,0.934024214744568,97.43611145019531,509.8603515625,0.8080177903175354,138.55970764160156,446.0181884765625,0.5532383918762207
124923,124921,241.1127471923828,724.4232177734375,0.6533541083335876,249.81922912597656,642.645263671875,0.9969841837882996,167.2850341796875,653.572021484375,0.9789151549339294,208.09841918945312,639.04736328125,0.9937036633491516,222.7049102783203,493.9508972167969,0.9040266871452332,95.63774871826172,517.7774658203125,0.867235004901886,136.31120300292972,458.1853332519531,0.6772341132164001
124924,124922,232.13690185546875,707.428466796875,0.8388258218765259,250.19268798828125,643.5576171875,0.9970921277999878,169.86094665527344,654.9180908203125,0.9810473322868348,208.31521606445312,640.78271484375,0.9930099248886108,221.1073303222656,495.82659912109375,0.862410306930542,89.58523559570312,529.575439453125,0.9009344577789308,133.07757568359378,468.5970764160156,0.6264781951904297
124925,124923,226.4077606201172,709.1172485351562,0.7999370694160461,248.40597534179688,645.1980590820312,0.9951547384262084,165.14988708496094,653.7545166015625,0.9829872846603394,205.6952209472656,640.3724365234375,0.9895764589309692,215.3191680908203,494.6391906738281,0.9211884140968324,91.65119171142578,531.0913696289061,0.82405024766922,130.68952941894528,472.224609375,0.5253247022628784
124926,124924,223.45278930664062,708.0447387695312,0.9291820526123048,247.05039978027344,649.2490234375,0.9936098456382751,162.78648376464844,656.8817138671875,0.9919220209121704,203.26220703125,641.3267822265625,0.991817057132721,212.91876220703125,497.290771484375,0.9341112971305848,89.69548034667969,533.4860229492189,0.8529465198516846,130.04655456542972,473.801025390625,0.5890306234359741
124927,124925,220.79046630859372,708.4528198242188,0.9441086053848268,244.32830810546875,648.72607421875,0.995064914226532,160.4938201904297,658.6434326171875,0.9920388460159302,200.97378540039062,643.1985473632812,0.9901040196418762,211.8186798095703,500.4593200683594,0.9114174842834472,90.15841674804688,533.2243041992189,0.8447510600090027,128.51747131347656,474.6683349609375,0.6095856428146362
124928,124926,219.53445434570312,707.1439208984375,0.93803608417511,243.61102294921875,651.2967529296875,0.9958513975143432,161.22552490234375,660.2890014648438,0.9932019114494324,200.4633026123047,645.4019165039062,0.9902329444885254,210.0716552734375,501.0521240234375,0.9110991954803468,90.35554504394531,534.433349609375,0.81314617395401,128.66604614257812,475.7165832519531,0.6949041485786438
124929,124927,220.1424560546875,709.0087280273438,0.9390687346458436,243.9609222412109,653.582275390625,0.9958121180534364,162.7572021484375,663.6021728515625,0.9845900535583496,202.4630889892578,647.6514282226562,0.9916998744010924,210.3415069580078,501.2883605957031,0.910203456878662,90.6340103149414,534.1401977539061,0.7930319309234619,128.31086730957028,475.9186096191406,0.6901344060897827
124930,124928,225.16726684570312,714.2774658203125,0.8951154947280884,247.4381256103516,657.6488037109375,0.9972359538078308,168.13800048828125,669.9673461914062,0.960851788520813,205.47398376464844,652.111572265625,0.9924235343933104,208.98388671875,502.7098083496094,0.8772096633911133,89.5171890258789,533.7798461914061,0.8219890594482422,129.03582763671878,476.3908386230469,0.6883800029754639
124931,124929,231.2359619140625,725.0822143554688,0.8818584680557251,248.7315368652344,659.6798095703125,0.9954367280006408,173.33685302734375,673.0740966796875,0.9764190912246704,209.40841674804688,654.284912109375,0.9946656227111816,206.2258453369141,505.3812255859375,0.8723583817481995,89.07245635986328,534.7705078125,0.7989451289176941,129.96925354003906,480.0694274902344,0.8226808309555054
124932,124930,234.84243774414062,725.201904296875,0.8826424479484558,251.1548309326172,660.493896484375,0.9972611665725708,175.41470336914062,673.3801879882812,0.9670692086219788,211.97813415527344,655.3685302734375,0.992267906665802,204.14126586914062,507.40081787109375,0.8683010935783386,86.20215606689453,542.8225708007811,0.8161236643791199,130.07774353027344,482.68389892578125,0.8524701595306396
124933,124931,237.2559356689453,724.2257690429688,0.9274055957794191,253.1796722412109,660.509521484375,0.9975263476371764,176.80453491210938,674.133544921875,0.9770547151565552,212.65171813964844,657.1527709960938,0.9947552680969238,206.9810943603516,508.1033935546875,0.8778783679008484,85.65621185302734,543.076171875,0.7734804749488831,130.4501953125,484.603759765625,0.8903951048851013
124934,124932,236.6556396484375,723.4297485351562,0.9137637615203856,256.77151489257807,661.0822143554688,0.996820330619812,185.50982666015625,673.6544799804688,0.9801764488220216,217.2816467285156,655.2696533203125,0.9913800358772278,206.7694396972656,508.1044006347656,0.9014893174171448,83.84136199951172,540.8912963867189,0.8840922117233276,126.44514465332031,479.6891174316406,0.8781451582908629
124935,124933,237.61795043945312,724.9830932617188,0.9585477709770204,259.51492309570307,664.793701171875,0.9945764541625975,187.33213806152344,676.5559692382812,0.9736576676368712,221.4062957763672,657.131103515625,0.990407407283783,207.48622131347656,507.39190673828125,0.9162525534629822,84.93594360351562,543.5816040039061,0.8416232466697693,128.57084655761722,486.8733215332031,0.8747790455818176
124936,124934,240.5797271728516,725.5919799804688,0.9055363535881042,260.34280395507807,665.4607543945312,0.9952072501182556,186.3513336181641,678.392822265625,0.967380940914154,220.2494354248047,661.49560546875,0.9906124472618104,208.5328063964844,512.1300048828125,0.8855671882629395,85.13948822021484,542.9585571289061,0.840275228023529,128.60848999023438,487.60736083984375,0.8795469999313354
124937,124935,241.66726684570312,728.4900512695312,0.8661562204360962,262.8519287109375,666.966796875,0.994063913822174,188.3991241455078,678.8255615234375,0.9526683688163756,222.7323303222656,661.885986328125,0.9930701851844788,208.80795288085938,511.8322448730469,0.9132035970687866,84.38638305664062,548.9873657226561,0.8232541084289551,126.88223266601562,486.0107727050781,0.8971269726753235
124938,124936,243.1656951904297,734.7225952148438,0.9012519717216492,264.95907592773443,669.4984130859375,0.99269437789917,191.9377899169922,681.3616943359375,0.9417121410369872,225.0590667724609,664.8538818359375,0.9900673627853394,208.7589569091797,513.907470703125,0.9092648029327391,85.1786117553711,545.5310668945311,0.8429709672927856,127.39747619628906,490.1138305664063,0.8532978296279907
124939,124937,247.55311584472656,740.11376953125,0.9179446697235109,266.57763671875,675.622314453125,0.9963668584823608,191.25949096679688,688.3392944335938,0.9740737080574036,226.8172149658203,670.5990600585938,0.9957844614982604,207.52757263183597,522.2566528320311,0.8492692708969116,82.14430236816406,559.72314453125,0.7552701234817505,123.01748657226562,494.9299011230469,0.6582851409912109
124940,124938,255.30172729492188,744.1773071289062,0.8444945812225342,270.05563354492193,679.1431884765625,0.9966592788696288,191.8562469482422,695.05029296875,0.9799562692642212,227.72015380859372,676.5794677734375,0.995680570602417,198.06988525390625,529.4375610351561,0.9357948303222656,78.99305725097656,588.81494140625,0.7321122288703918,114.84683227539062,506.9990234375,0.8120602965354919
124941,124939,256.70846557617193,744.00244140625,0.660652220249176,273.235595703125,682.3455200195312,0.9960023760795592,194.2077178955078,695.1630859375,0.9865888953208924,229.9781188964844,679.0122680664062,0.9967011809349059,197.0443572998047,534.7479858398439,0.8445695638656616,79.81238555908203,589.5186157226562,0.6952357888221741,114.83628845214844,507.7413635253906,0.9118044376373292
124942,124940,257.3104248046875,744.8756103515625,0.7871472239494324,274.4058837890625,682.0042724609375,0.99626487493515,193.5283050537109,696.089111328125,0.9878894686698914,231.0606384277344,678.2261352539062,0.9952932000160216,195.80352783203125,538.6449584960939,0.8147358298301697,83.32138061523438,595.5208740234375,0.8543339967727661,113.62336730957031,511.4415283203125,0.8667420744895935
124943,124941,252.3181304931641,742.066162109375,0.8783480525016785,273.7935791015625,681.1552734375,0.9967189431190492,192.9932556152344,692.9063720703125,0.9915857315063475,230.9119110107422,677.3978271484375,0.9927155375480652,200.7208404541016,539.5643310546875,0.8612076640129089,83.73031616210938,586.5885620117188,0.7969992756843567,120.59669494628906,513.210205078125,0.921887457370758
124944,124942,248.68223571777344,739.9812622070312,0.885639488697052,272.00637817382807,679.8021240234375,0.9944115281105042,191.0196990966797,692.9241333007812,0.9883574843406676,228.341552734375,676.9379272460938,0.9915493726730348,200.72164916992188,539.237548828125,0.8854445815086365,83.728271484375,586.1892700195312,0.7908477783203125,120.21550750732422,512.8670043945311,0.937539041042328
124945,124943,247.85281372070312,741.072021484375,0.9013841152191162,270.08212280273443,681.7996826171875,0.993777871131897,188.31167602539062,694.2332153320312,0.9865708947181702,225.6557464599609,678.5339965820312,0.9821142554283142,201.2624664306641,539.8784790039061,0.871444821357727,84.28968811035156,586.7530517578125,0.7923794984817505,121.51863098144531,515.3427124023439,0.9282280802726746
124946,124944,242.8249053955078,743.4999389648438,0.8076716065406799,264.47933959960943,684.32666015625,0.9900262355804444,189.460205078125,696.56689453125,0.9761105179786682,223.43380737304688,682.7161254882812,0.9920471906661988,201.86817932128903,539.2493286132811,0.851817786693573,83.31200408935547,580.960205078125,0.8216907382011414,118.62330627441406,513.7145385742189,0.9541595578193665
124947,124945,236.31431579589844,742.2147827148438,0.892482578754425,262.1846923828125,685.42919921875,0.9919195175170898,185.07638549804688,697.0134887695312,0.980662763118744,220.2582855224609,680.14306640625,0.9942334294319152,200.05149841308597,539.4832153320311,0.8777989745140076,82.49674987792969,581.3915405273438,0.8064697980880737,117.53960418701172,514.6204223632811,0.9681723117828368
124948,124946,234.45242309570312,754.8184204101562,0.8031551241874695,254.096923828125,682.4737548828125,0.9937538504600524,176.49986267089844,695.8811645507812,0.9745036363601683,210.0194549560547,681.3700561523438,0.9955745935440063,196.6487274169922,531.6888427734375,0.8007926940917969,80.14678955078125,588.6945190429688,0.7227648496627808,116.0086441040039,513.5836181640625,0.9391067028045654
124949,124947,223.6273193359375,741.5484619140625,0.952546000480652,252.8782196044922,679.8121948242188,0.9969311952590942,178.54637145996094,689.4126586914062,0.9837692379951476,211.14739990234372,674.1199951171875,0.9927184581756592,182.40118408203125,517.4647216796875,0.8129914402961731,79.64542388916016,580.43359375,0.6807564496994019,115.08937072753906,509.8974609375,0.9618552327156068
124950,124948,221.87863159179688,742.272216796875,0.9707708954811096,253.18788146972656,680.8677368164062,0.996170938014984,179.57093811035156,688.707763671875,0.9797101020812988,212.73138427734372,673.8665161132812,0.9927339553833008,193.2053985595703,524.0802001953125,0.8302417397499084,80.56233215332031,587.320068359375,0.6770599484443665,115.27669525146484,512.0739135742189,0.9507492780685424
124951,124949,225.51345825195312,745.1671752929688,0.9217650890350342,254.1245574951172,683.9942626953125,0.9936479926109314,179.77391052246094,693.5789794921875,0.9897896647453308,213.60845947265625,678.8292846679688,0.9966713786125184,199.21739196777344,530.658935546875,0.850789487361908,78.381103515625,580.7357177734375,0.7418566346168518,115.04832458496094,510.69189453125,0.95932537317276
124952,124950,236.27728271484372,745.1724243164062,0.8981441259384155,260.92074584960943,685.4947509765625,0.9921613335609436,182.37835693359372,697.5512084960938,0.9798117280006408,220.04156494140625,681.7489624023438,0.9947480559349059,197.40560913085938,530.6616821289061,0.8363519310951233,77.29753875732422,579.6762084960938,0.8019235730171204,115.19505310058594,510.710693359375,0.953841745853424
124953,124951,239.10430908203125,742.21826171875,0.9176090955734252,264.6561889648437,683.892578125,0.9917436242103576,186.0060577392578,694.4765625,0.9888582229614258,223.1831817626953,677.411865234375,0.9943023920059204,195.4646759033203,531.4548950195311,0.7159258723258972,78.54736328125,580.78564453125,0.7824277281761169,114.83021545410156,513.3698120117189,0.9222971200942992
124954,124952,242.27545166015625,736.5853271484375,0.8824375867843628,265.59091186523443,680.32666015625,0.9963048696517944,189.57455444335938,688.871826171875,0.9810686707496644,225.269775390625,672.6458740234375,0.9930126070976256,195.4345550537109,531.7149658203125,0.768301248550415,81.69220733642578,584.8448486328125,0.7512045502662659,112.75430297851562,514.2597045898439,0.9215574860572816
124955,124953,245.8605499267578,743.2266845703125,0.8845721483230591,265.81814575195307,679.3607788085938,0.9969269633293152,189.07135009765625,690.4833984375,0.9829813838005066,224.1822052001953,674.04248046875,0.9932870268821716,196.09451293945312,531.5888061523439,0.7855977416038513,80.657958984375,580.3739624023438,0.776244580745697,115.17292785644531,513.8905639648439,0.9360889792442322
124956,124954,253.6561737060547,743.7982177734375,0.7994787096977234,268.9420166015625,681.1237182617188,0.9938842654228209,192.74220275878903,695.4888305664062,0.9852570891380309,225.76934814453125,680.6370849609375,0.9952507019042968,200.82540893554688,537.731201171875,0.8312538862228394,82.53964233398438,581.3756713867188,0.8061340451240541,115.63444519042969,516.7647705078125,0.9566532373428344
124957,124955,256.34585571289057,759.338623046875,0.7745121717453003,270.66177368164057,686.0944213867188,0.9927067160606384,194.4759521484375,704.3153686523438,0.9879547357559204,227.36376953125,685.4344482421875,0.9966889023780824,200.74539184570312,539.467529296875,0.907413363456726,83.14533996582031,580.8222045898438,0.8065478205680847,116.90423583984376,518.7146606445311,0.9671866297721864
124958,124956,252.03955078125,758.1815185546875,0.7734754681587219,269.06747436523443,688.56005859375,0.9958996176719666,192.7205810546875,705.4022216796875,0.9880945086479188,226.302001953125,686.9559326171875,0.9956009387969972,198.2379302978516,542.6520385742189,0.9348784089088441,83.9862060546875,586.18359375,0.8277705907821655,114.99197387695312,521.5313110351561,0.9455460906028748
124959,124957,246.1779327392578,756.4647216796875,0.7979024052619934,266.4512939453125,688.5455322265625,0.9959803819656372,191.4175567626953,704.153076171875,0.9808777570724488,224.9476318359375,686.5892944335938,0.9957755208015442,200.0383453369141,544.4705200195311,0.951645016670227,85.06854248046875,587.767822265625,0.8296638727188109,111.5759506225586,523.8341064453125,0.9086838960647584
124960,124958,239.3597412109375,755.2739868164062,0.8517113327980042,264.36166381835943,687.9017333984375,0.9948033690452576,191.30169677734372,701.9169921875,0.9792668223381042,224.1715850830078,685.5563354492188,0.9968276619911194,199.2747039794922,543.6749267578125,0.9471726417541504,85.46531677246094,588.2557983398438,0.8070502877235413,112.5509796142578,525.7042846679689,0.908961832523346
124961,124959,239.26390075683597,758.708251953125,0.8326559066772461,263.86669921875,687.9701538085938,0.9936043620109558,189.4034881591797,702.1397705078125,0.971558690071106,220.97686767578125,685.2760009765625,0.9941322207450868,198.4017333984375,542.47119140625,0.9259299039840698,86.01154327392578,587.8509521484375,0.792754054069519,111.3404312133789,524.1422729492189,0.891356885433197
124962,124960,257.15951538085943,758.8265991210938,0.9308679699897766,269.072021484375,682.979736328125,0.9916866421699524,194.26480102539062,702.1928100585938,0.9810461997985841,227.4231414794922,686.5660400390625,0.9968621730804444,198.70298767089844,542.8019409179689,0.9283220767974854,86.3153076171875,588.8988037109375,0.7989056706428528,111.6756362915039,524.0942993164061,0.8962157368659973
124963,124961,271.6834716796875,746.3406372070312,0.7408733963966371,279.2562866210937,681.635986328125,0.9931163191795348,197.7161865234375,701.1868896484375,0.9788516759872437,233.32992553710938,682.0855102539062,0.9913467764854432,199.5833282470703,546.1692504882811,0.940967619419098,85.55133056640625,593.91650390625,0.8659031391143799,114.6664810180664,529.0208129882811,0.8992646932601929
124964,124962,274.49630737304693,750.8662719726562,0.8121876120567322,282.8417663574219,681.3302612304688,0.9974380731582642,203.89849853515625,703.3003540039062,0.9840774536132812,237.55645751953125,683.4773559570312,0.994126558303833,200.1256103515625,544.5888061523439,0.9450223445892334,87.27967071533203,595.0133056640625,0.8935891389846802,114.52892303466795,530.3604736328125,0.9222551584243774
124965,124963,275.43020629882807,750.7392578125,0.7170982956886292,283.7730712890625,684.5076293945312,0.9947690367698668,205.6542510986328,711.7915649414062,0.9838200807571412,239.6971740722656,690.0885009765625,0.9952390193939208,199.5830535888672,546.489990234375,0.9087857604026794,88.38545227050781,597.9932250976562,0.9066181778907776,115.41098022460938,532.7133178710939,0.9292330741882324
124966,124964,291.0670471191406,781.6062622070312,0.6728729605674744,285.2829284667969,685.1417236328125,0.9948156476020812,204.6939697265625,710.9264526367188,0.9842010140419006,240.4564971923828,690.6506958007812,0.99583899974823,198.66212463378903,548.1051635742189,0.9014068841934204,88.60028076171875,597.772705078125,0.9113897681236268,116.47637176513672,534.7216186523439,0.9492828249931335
124967,124965,296.92889404296875,785.173828125,0.7487145066261292,282.0360107421875,685.1278686523438,0.993446171283722,203.30587768554688,705.6226806640625,0.9853119254112244,240.1358337402344,686.3365478515625,0.9959565997123718,198.94985961914062,547.7864379882811,0.9107568860054016,88.72710418701172,594.3826904296875,0.902230978012085,116.6053695678711,535.4036865234375,0.9481590986251832
124968,124966,287.67352294921875,775.6446533203125,0.5954097509384155,282.6718444824219,682.7186279296875,0.9945470094680786,202.5311584472656,701.2245483398438,0.9721968173980712,236.59425354003903,683.0673217773438,0.9937261939048768,198.5233612060547,546.7449951171875,0.9282469749450684,86.90238952636719,594.28076171875,0.8651543259620667,115.12890625,534.3588256835939,0.9133256077766418
124969,124967,273.041748046875,764.325439453125,0.6050142645835876,279.35562133789057,680.7920532226562,0.9925742149353028,200.4175720214844,701.546875,0.9730257987976074,234.406005859375,683.0292358398438,0.9935924410820008,196.66891479492188,545.2923583984375,0.9335513710975648,85.53112030029297,594.9728393554688,0.8585135340690613,114.56226348876952,533.5789794921875,0.8930379152297974
124970,124968,270.95458984375,758.990478515625,0.9617711901664734,278.95684814453125,683.3969116210938,0.9926691055297852,201.9496612548828,709.8030395507812,0.987326681613922,236.9613037109375,686.4092407226562,0.98569655418396,197.837158203125,548.6968383789061,0.8998892307281494,85.85785675048828,596.7727661132812,0.8809208273887634,115.55084991455078,534.5568237304689,0.9312496185302734
124971,124969,273.21035766601557,755.35546875,0.9467092752456664,278.9703369140625,680.1688842773438,0.99073725938797,195.40501403808597,710.76904296875,0.9751374125480652,234.64991760253903,686.3690185546875,0.984304130077362,195.760986328125,550.2828979492189,0.9082390666007996,87.51573181152344,603.2296142578125,0.8323239684104919,115.91539764404295,537.7581176757811,0.9324041604995728
124972,124970,276.86444091796875,744.416259765625,0.9602046608924866,280.13449096679693,670.4338989257812,0.9840185046195984,196.2635803222656,700.6040649414062,0.983734369277954,232.99331665039062,679.1707763671875,0.9956371188163756,196.92138671875,549.1555786132811,0.9158408045768738,88.20880126953125,598.65087890625,0.8723618388175964,115.29656219482422,537.1536254882811,0.9442825913429259
124973,124971,281.690185546875,730.178466796875,0.9118531942367554,280.11526489257807,660.977294921875,0.9927996397018432,200.9074249267578,696.2135620117188,0.9869923591613771,234.5801544189453,669.2421875,0.9892742037773132,195.50875854492188,547.0617065429689,0.9359984397888184,87.77156829833984,597.3134765625,0.8435423970222473,114.89752960205078,536.3806762695311,0.942626953125
124974,124972,294.4259338378906,728.9185180664062,0.8834887146949768,280.10671997070307,658.9056396484375,0.992492139339447,207.46563720703125,698.470458984375,0.9898340702056884,237.0762481689453,670.2775268554688,0.9929289221763612,196.33079528808597,547.5359497070311,0.9337372779846193,88.24473571777344,598.4273681640625,0.8354399800300598,115.3376693725586,536.2171630859375,0.9460626840591432
124975,124973,273.91329956054693,756.6544189453125,0.6564018130302429,286.78826904296875,660.1510009765625,0.9967069029808044,214.7509002685547,702.1998291015625,0.9833096861839294,241.6540069580078,674.1493530273438,0.9971876740455629,195.97119140625,550.03564453125,0.9369314908981324,88.683349609375,604.7817993164062,0.864894449710846,112.56373596191406,540.1446533203125,0.9313594102859496
124976,124974,288.7188720703125,740.04638671875,0.5636718273162842,292.978271484375,664.4804077148438,0.9957581162452698,223.04635620117188,704.9097290039062,0.9934999346733092,248.85659790039062,676.844970703125,0.9964390397071838,194.6634826660156,551.6646118164061,0.9109270572662354,92.40602111816406,617.80078125,0.704366147518158,114.26203918457031,546.0421752929689,0.8508332967758179
124977,124975,302.6455078125,739.1253662109375,0.8750075101852417,298.5121154785156,662.183349609375,0.9981751441955566,230.61996459960938,706.1399536132812,0.99441659450531,254.70733642578125,677.7191772460938,0.9984498023986816,194.1096954345703,552.4873657226561,0.7799283862113953,112.46980285644531,658.2763061523438,0.6883451342582703,94.54515075683594,588.91162109375,0.5322049856185913
124978,124976,305.0130310058594,738.651611328125,0.7639200091362,306.0267333984375,662.4427490234375,0.997585654258728,238.00819396972656,708.3206176757812,0.9962425231933594,261.4437255859375,680.1806030273438,0.998531699180603,113.16653442382812,575.4791870117188,0.7383012771606445,123.86863708496094,676.2334594726562,0.3915712833404541,107.8524932861328,662.041015625,0.5064281225204468
124979,124977,306.0408935546875,740.7718505859375,0.7855374813079834,308.4291076660156,663.9515380859375,0.997430384159088,239.6885681152344,711.4427490234375,0.9960604310035706,263.57373046875,682.927001953125,0.9962182641029358,113.9897689819336,587.8480834960938,0.7311378717422485,141.43186950683594,689.5306396484375,0.37325090169906616,108.78409576416016,663.0444946289062,0.6044867038726807
124980,124978,301.54095458984375,747.8642578125,0.6664432883262634,305.8410339355469,667.436767578125,0.9943418502807616,236.07107543945312,713.3340454101562,0.9945592284202576,262.45449829101557,685.9764404296875,0.9946634769439696,110.67861938476562,594.7844848632812,0.6864604353904724,142.1112823486328,694.2085571289062,0.7146980762481691,103.49618530273438,655.61083984375,0.4784153401851654
124981,124979,295.2485656738281,751.72802734375,0.7165502905845642,306.36517333984375,671.0728149414062,0.9945847392082214,238.5360107421875,714.3931274414062,0.9944087862968444,262.781005859375,685.0569458007812,0.9943132400512696,110.04041290283205,595.6277465820312,0.7522153854370117,138.97962951660156,694.1089477539062,0.6194647550582886,104.62460327148438,661.17822265625,0.499819815158844
124982,124980,291.56158447265625,770.1069946289062,0.7867419123649597,305.45330810546875,671.8857421875,0.9936736822128296,238.8475646972656,715.1840209960938,0.9937793612480164,263.04107666015625,686.0652465820312,0.9930071830749512,191.92747497558597,570.302490234375,0.7897878289222717,154.6258087158203,700.2872924804688,0.5756308436393738,106.5007781982422,675.7183227539062,0.5198830962181091
124983,124981,291.5067443847656,769.6299438476562,0.8003793358802795,302.0420227050781,672.6947631835938,0.9931876659393309,237.1089630126953,716.4151611328125,0.994103729724884,262.1904296875,687.1096801757812,0.994252860546112,179.643310546875,577.3400268554688,0.7551267743110657,121.9217300415039,693.2528076171875,0.4311352372169495,95.81017303466795,622.2324829101562,0.4028326570987701
124984,124982,295.68707275390625,769.2977294921875,0.853995144367218,302.1842346191406,672.50830078125,0.9928752183914183,237.5340881347656,715.8605346679688,0.994683563709259,262.36160278320307,687.2324829101562,0.9948705434799194,163.42501831054688,578.7920532226562,0.8791165947914124,118.3753890991211,691.7236328125,0.464018702507019,98.52371215820312,605.47509765625,0.678842306137085
124985,124983,303.1676940917969,757.8681030273438,0.8091614842414856,307.9647216796875,672.6174926757812,0.9936374425888062,237.28587341308597,717.2193603515625,0.995087206363678,264.50799560546875,685.8251342773438,0.9899250268936156,188.2791290283203,584.6560668945312,0.7988938689231873,122.78827667236328,691.8296508789062,0.5446459650993347,107.44115447998048,603.1504516601562,0.5334256291389465
124986,124984,307.7789306640625,750.6400146484375,0.7165507078170776,310.8016662597656,673.683349609375,0.994507133960724,241.71185302734372,718.39697265625,0.996982753276825,269.01815795898443,685.6895751953125,0.9952270984649658,195.1828765869141,585.6215209960938,0.7737061977386475,132.11940002441406,695.6045532226562,0.5928529500961304,108.93701171875,602.4257202148438,0.5591661930084229
124987,124985,311.2475280761719,748.7265625,0.8690484762191772,312.21484375,675.3885498046875,0.9961735606193542,243.4549865722656,718.16015625,0.996542990207672,271.737548828125,685.5652465820312,0.9957258701324464,186.6334686279297,585.632080078125,0.6920919418334961,125.35015106201172,692.8604125976562,0.6147031784057617,109.76998138427734,604.9158935546875,0.7212921977043152
124988,124986,310.7216796875,749.2067260742188,0.8976325988769531,311.5347900390625,673.664306640625,0.9957420229911804,243.70301818847656,716.6329956054688,0.996924102306366,269.28518676757807,685.7295532226562,0.9954404830932616,185.44705200195312,585.3384399414062,0.6819695830345154,124.8489761352539,693.2006225585938,0.5722399353981018,111.25700378417969,605.390380859375,0.6426899433135986
124989,124987,311.21539306640625,747.9506225585938,0.8502230048179626,312.45166015625,673.5270385742188,0.994252383708954,242.48057556152344,715.0208129882812,0.9975132942199708,271.30703735351557,685.5014038085938,0.9941628575325012,187.80039978027344,584.9246215820312,0.7713216543197632,125.7101821899414,692.8302001953125,0.6263909935951233,111.85441589355469,605.10400390625,0.5591172575950623
124990,124988,309.6538391113281,748.7147216796875,0.7670750021934509,311.11578369140625,672.6500854492188,0.9942078590393066,242.2100524902344,716.3665771484375,0.9970834851264954,269.02810668945307,684.6707763671875,0.9938503503799438,188.32379150390625,584.8125610351562,0.759006142616272,132.02705383300778,695.1854248046875,0.5912447571754456,111.67858123779295,604.9080200195312,0.5236452221870422
124991,124989,301.33135986328125,756.4274291992188,0.8556898236274719,310.85333251953125,676.2526245117188,0.9963462948799132,240.06427001953125,718.8660888671875,0.9918334484100342,270.13021850585943,686.2273559570312,0.994262397289276,187.57943725585938,584.5313720703125,0.7650799751281738,124.7582778930664,691.5232543945312,0.5786596536636353,114.32316589355469,603.7374877929688,0.43276247382164
124992,124990,297.1094055175781,763.4258422851562,0.7970606088638306,309.5721435546875,676.2557373046875,0.9963287711143494,238.48333740234372,719.803955078125,0.9856736063957214,267.5260009765625,686.3099365234375,0.9935548901557922,195.6619873046875,584.3193969726562,0.8293668627738953,123.81471252441406,689.9441528320312,0.6334296464920044,115.13215637207031,602.3434448242188,0.4228596091270447
124993,124991,298.67413330078125,766.8989868164062,0.7951878905296326,308.38385009765625,672.978759765625,0.9953123331069946,237.5113677978516,716.7271118164062,0.9895735383033752,265.15643310546875,685.2467651367188,0.9881730675697328,195.979736328125,584.4010620117188,0.8613457083702087,152.95602416992188,698.1311645507812,0.5361689925193787,108.54009246826172,678.638916015625,0.3649162948131561
124994,124992,293.952392578125,751.9049682617188,0.7880482673645021,306.7979431152344,671.214599609375,0.993921995162964,237.97325134277344,714.2157592773438,0.9907758831977844,264.55117797851557,684.3013916015625,0.9913507699966432,196.0538330078125,584.1891479492188,0.8622818589210509,154.12884521484375,698.1903686523438,0.6146404147148132,107.7870864868164,603.4864501953125,0.3988698124885559
124995,124993,294.1085205078125,756.1002807617188,0.713785707950592,308.9205627441406,671.5628662109375,0.993886172771454,239.3922576904297,715.176025390625,0.9933086633682252,265.652099609375,684.43359375,0.9902434945106506,196.81626892089844,583.9845581054688,0.8464184999465942,158.8426055908203,701.0983276367188,0.5491912364959717,109.65711212158205,679.4943237304688,0.4883284568786621
124996,124994,306.57373046875,770.4285278320312,0.7842999100685121,310.6394348144531,672.9572143554688,0.9953399896621704,244.2210693359375,719.3309326171875,0.9943944215774536,269.26220703125,686.2122802734375,0.9931715726852416,200.61085510253903,585.0616455078125,0.8280208706855774,122.7678451538086,689.44775390625,0.5190649628639221,108.96989440917969,603.2720947265625,0.41243037581443787
124997,124995,317.87353515625,747.6897583007812,0.6113002300262451,314.46868896484375,671.8505249023438,0.9913182258605956,253.3252258300781,721.7910766601562,0.9942260384559632,273.6815795898437,688.919189453125,0.99534010887146,199.0127868652344,587.9102783203125,0.8550774455070496,123.37660217285156,689.227294921875,0.5498372912406921,110.38765716552734,603.4697875976562,0.4395540058612824
124998,124996,387.9655151367188,717.1176147460938,0.462967187166214,317.219482421875,671.0169677734375,0.9946446418762208,259.967041015625,723.3370361328125,0.9972272515296936,279.5902709960937,691.5416870117188,0.997080147266388,195.50445556640625,589.4066772460938,0.6915775537490845,124.05998229980469,691.8449096679688,0.5689264535903931,109.647705078125,678.6343994140625,0.4672105312347412
124999,124997,342.3582763671875,748.8941650390625,0.8843602538108826,317.8199768066406,669.7739868164062,0.9931064248085022,264.0990600585937,724.1820068359375,0.9940829873085022,279.7706298828125,690.94677734375,0.9955726861953736,196.2965545654297,592.0361328125,0.784936249256134,107.15528869628906,677.2155151367188,0.7198871970176697,111.85955810546876,604.280517578125,0.7369951009750366
125000,124998,349.6885986328125,746.2730102539062,0.6237646341323853,317.3310241699219,666.3766479492188,0.9902169704437256,268.35910034179693,723.8958129882812,0.9966379404067992,282.1841125488281,690.9344482421875,0.9956041574478148,195.366943359375,592.4710083007812,0.7342510819435121,106.80474090576172,669.5042724609375,0.6021351218223572,110.5129623413086,606.989501953125,0.8629441857337952
125001,124999,350.3071594238281,739.133056640625,0.3801133334636688,320.1936950683594,664.3370361328125,0.9939796924591064,273.17291259765625,724.9534301757812,0.9938874840736388,287.39642333984375,689.7117309570312,0.9922031164169312,196.2373962402344,591.2604370117188,0.7333828806877136,126.90489959716795,684.1782836914062,0.4682169258594513,110.60091400146484,608.90771484375,0.7646940350532532
125002,125000,364.9915466308594,741.7562255859375,0.4321420192718506,323.9079895019531,667.7966918945312,0.9949311614036559,280.3897705078125,728.7604370117188,0.9838045239448548,290.3469543457031,695.080322265625,0.996103286743164,196.0684051513672,591.307373046875,0.6450501680374146,141.4754180908203,686.4768676757812,0.3782291412353516,115.61922454833984,608.53076171875,0.6761676669120789
125003,125001,363.644775390625,744.8065185546875,0.4062340557575226,330.551025390625,672.4390258789062,0.9927574396133424,284.8326110839844,731.1710815429688,0.9842439889907836,296.5406494140625,698.0054931640625,0.993946611881256,197.1743927001953,591.7391967773438,0.7381441593170166,177.6540985107422,716.0277709960938,0.5830461382865906,115.8125,614.3519287109375,0.4893300235271454
125004,125002,353.752685546875,742.988037109375,0.4237935245037079,336.84521484375,674.9146728515625,0.99600487947464,287.23834228515625,734.3825073242188,0.9871129393577576,299.961181640625,698.8358154296875,0.9856024384498596,210.68165588378903,595.2273559570312,0.7339615225791931,141.53550720214844,691.4803466796875,0.6861898899078369,119.4317626953125,618.13037109375,0.7163518071174622
125005,125003,354.2243957519531,746.3328247070312,0.5782613754272461,340.32916259765625,676.704833984375,0.9970302581787108,287.3948974609375,732.989990234375,0.983373761177063,299.90625,698.6194458007812,0.990920901298523,217.98817443847656,597.319580078125,0.7223427891731262,143.39834594726562,691.1456909179688,0.5833799839019775,125.1944351196289,617.6752319335938,0.7312498688697815
125006,125004,353.54827880859375,747.7839965820312,0.42929351329803467,339.6087341308594,676.4700317382812,0.9972049593925476,285.8941955566406,730.60791015625,0.9868735671043396,300.7025451660156,697.68701171875,0.9901884198188782,210.81948852539062,594.4926147460938,0.8084456324577332,143.0489501953125,691.3626098632812,0.7357531785964966,126.49314880371094,617.7443237304688,0.7298610210418701
125007,125005,352.96942138671875,746.9664916992188,0.4298802614212036,340.1736755371094,674.1660766601562,0.9960801005363464,286.0880126953125,729.6425170898438,0.988484799861908,301.3775634765625,694.8045043945312,0.9927899837493896,202.762451171875,594.8433227539062,0.8031051158905029,143.8988800048828,691.7323608398438,0.6408212184906006,126.83942413330078,617.9346923828125,0.724915623664856
125008,125006,383.0836181640625,754.2697143554688,0.4597350060939789,340.3833312988281,672.569091796875,0.9937040209770204,288.4842224121094,728.61865234375,0.9924699664115906,300.998291015625,694.8068237304688,0.9958587288856506,203.6080780029297,594.5142211914062,0.7753738760948181,143.53286743164062,691.3538818359375,0.7345281839370728,126.12750244140624,619.5285034179688,0.8173326849937439
125009,125007,351.3409118652344,745.90576171875,0.3533734381198883,342.8636779785156,672.3795166015625,0.9923372864723206,294.129638671875,729.6755981445312,0.9911348819732666,307.1453552246094,697.0590209960938,0.9976295232772828,216.4277191162109,596.2296752929688,0.6758710145950317,143.41018676757812,696.367919921875,0.6490560173988342,125.29584503173828,626.0960083007812,0.8531597852706909
125010,125008,368.1871337890625,738.2713012695312,0.32598021626472473,345.9139404296875,671.0489501953125,0.991447687149048,299.6289367675781,730.0307006835938,0.9912703037261964,311.8471374511719,695.9282836914062,0.996887981891632,208.63519287109372,596.8207397460938,0.8370664715766907,184.3674774169922,722.6387939453125,0.7123371958732605,129.26687622070312,643.739990234375,0.7384204864501953
125011,125009,369.2760314941406,734.5444946289062,0.3445063531398773,348.89990234375,670.87939453125,0.9939329028129578,303.30889892578125,728.8353881835938,0.9914878606796264,313.3055725097656,694.2113647460938,0.993874490261078,207.5263214111328,599.9959106445312,0.7806537747383118,148.78631591796875,715.1494750976562,0.6599302291870117,136.36080932617188,648.873779296875,0.82872474193573
125012,125010,388.4501037597656,751.1997680664062,0.6525021195411682,349.3684387207031,672.1946411132812,0.9945801496505736,302.31884765625,732.5776977539062,0.9919673800468444,313.523681640625,695.650390625,0.9930453896522522,201.47622680664062,604.5540771484375,0.7496264576911926,163.55789184570312,704.453369140625,0.4527607858181,139.38461303710938,650.9703369140625,0.6769089698791504
125013,125011,388.0755310058594,750.20361328125,0.8093766570091248,348.82293701171875,670.9049682617188,0.9946413040161132,304.3185119628906,729.9330444335938,0.9841889739036559,313.94140625,693.920654296875,0.9946885108947754,205.2802581787109,605.3546142578125,0.7963719367980957,183.26492309570312,689.5140991210938,0.2298814356327057,155.26451110839844,636.8051147460938,0.2124345600605011
125014,125012,391.32208251953125,748.4089965820312,0.8807007074356079,349.4221496582031,672.0238037109375,0.9942341446876526,310.1148681640625,730.98095703125,0.9833956956863404,317.4874572753906,695.9848022460938,0.9877590537071228,210.56597900390625,605.3483276367188,0.8427643179893494,185.43826293945312,731.3763427734375,0.22218219935894007,156.8789520263672,638.3683471679688,0.39115452766418457
125015,125013,396.2180480957031,739.648681640625,0.6622228622436523,347.5195617675781,671.3591918945312,0.989768087863922,315.13946533203125,731.2130737304688,0.9754161238670348,318.0113220214844,699.3970336914062,0.9907637238502502,209.4593505859375,608.8406372070312,0.9093829989433287,173.71746826171875,726.6432495117188,0.32905936241149897,154.62045288085938,647.8413696289062,0.9016743302345276
125016,125014,406.6319580078125,735.7369995117188,0.897496223449707,344.4245910644531,671.2216796875,0.984872341156006,321.5140686035156,732.2625122070312,0.9771695733070374,322.4904479980469,698.2105102539062,0.9954487681388856,209.57464599609372,610.065185546875,0.9083101749420166,172.38661193847656,732.4013671875,0.2603476047515869,154.87091064453125,648.1851196289062,0.7474901676177979
125017,125015,413.85595703125,732.515869140625,0.9658851027488708,350.7880859375,664.3198852539062,0.9819890260696412,315.238037109375,739.3646240234375,0.963775873184204,324.7081298828125,696.3231201171875,0.9925232529640198,239.37643432617188,612.9197387695312,0.7383924722671509,159.5064239501953,718.968994140625,0.5659149289131165,151.27352905273438,671.3204345703125,0.4873517453670502
125018,125016,377.8064880371094,735.5355834960938,0.864482045173645,349.43182373046875,661.2573852539062,0.9913601279258728,328.53057861328125,729.8883056640625,0.9866304993629456,328.6678161621094,693.9819946289062,0.9919597506523132,260.466552734375,638.6569213867188,0.5938928127288818,224.83480834960938,749.28173828125,0.7459877729415894,149.4980010986328,658.9096069335938,0.9020838141441344
125019,125017,417.1452331542969,717.7973022460938,0.9536255598068236,359.2198486328125,654.667236328125,0.8794246315956116,335.0477600097656,723.4932250976562,0.9953489899635316,328.4696350097656,683.9666748046875,0.9815205931663512,150.50181579589844,657.0635375976562,0.4809402525424957,226.54429626464844,747.4410400390625,0.9389098286628724,156.91378784179688,708.1771240234375,0.7452905178070068
125020,125018,422.7217712402344,704.3110961914062,0.9853166937828064,347.26593017578125,648.3180541992188,0.9815264344215392,342.9837646484375,718.0584106445312,0.9945046305656432,332.08203125,682.1263427734375,0.9894025325775146,210.22955322265625,611.6859741210938,0.8742510676383972,227.2955474853516,745.5094604492188,0.913568079471588,158.262451171875,707.2423706054688,0.8241287469863892
125021,125019,432.0252380371094,700.5906982421875,0.9592232704162598,358.3324279785156,643.7229614257812,0.9951856732368468,350.2579040527344,713.6856079101562,0.994834303855896,342.6427307128906,678.9415893554688,0.993480920791626,210.50962829589844,613.2141723632812,0.8645666241645813,225.4736633300781,746.2099609375,0.8739778399467468,163.38381958007812,710.6507568359375,0.8491557836532593
125022,125020,436.6294860839844,706.57958984375,0.9766747951507568,367.1661987304688,643.489501953125,0.9826488494873048,351.52911376953125,714.9017944335938,0.9968990087509156,346.9515380859375,677.5115356445312,0.9954637885093688,212.13352966308597,617.7152099609375,0.8323569297790527,219.2437744140625,742.89990234375,0.7627652883529663,165.42752075195312,716.4789428710938,0.7441518306732178
125023,125021,439.5642395019531,708.0638427734375,0.9851941466331482,370.4000549316406,646.654541015625,0.9931429624557496,357.4777526855469,717.6041870117188,0.9957321286201476,350.9032287597656,679.8184814453125,0.9910173416137696,213.0390472412109,619.4869384765625,0.8513743281364441,225.6838531494141,746.2318115234375,0.8126639127731323,156.90521240234375,666.0038452148438,0.753025472164154
125024,125022,442.512939453125,709.2877807617188,0.9880117177963256,374.9642028808594,647.5333862304688,0.9959434866905212,361.422119140625,722.481201171875,0.990671157836914,352.213134765625,683.337646484375,0.9919616580009459,209.9682464599609,624.086181640625,0.8153546452522278,227.36952209472656,749.333251953125,0.7609068155288696,159.09690856933594,668.8532104492188,0.7783843874931335
125025,125023,447.9581298828125,714.232421875,0.9818559288978576,374.1687927246094,657.8645629882812,0.9940035939216614,366.49212646484375,727.469970703125,0.9937826991081238,357.2487487792969,690.2973022460938,0.9921195507049559,224.4491424560547,624.5895385742188,0.8204445242881775,228.6762542724609,754.6519775390625,0.7642890214920044,169.85655212402344,721.4397583007812,0.5730401873588562
125026,125024,433.281982421875,719.8452758789062,0.8076802492141724,404.6304321289063,663.2911376953125,0.9255766868591307,369.1132507324219,731.6432495117188,0.9959391355514526,370.24505615234375,690.0042724609375,0.9881125092506408,164.92506408691406,679.7089233398438,0.5660035014152527,239.8578643798828,767.9241943359375,0.7736455202102661,175.16915893554688,733.88916015625,0.4687030911445618
125027,125025,425.37445068359375,726.6276245117188,0.9840279221534728,398.792724609375,661.9636840820312,0.8963688015937805,372.4692993164063,733.240478515625,0.996285080909729,371.8202819824219,697.9329833984375,0.9748387336730956,166.1785888671875,689.1452026367188,0.6759316921234131,253.0523376464844,776.6376342773438,0.8258211612701416,180.80638122558597,744.10888671875,0.5909666419029236
125028,125026,440.70501708984375,726.5519409179688,0.9574177265167236,409.47894287109375,666.1192016601562,0.9690943956375122,375.2114868164063,732.760498046875,0.9948150515556335,375.77056884765625,696.9213256835938,0.9937506318092346,224.98431396484372,645.4105834960938,0.7565434575080872,255.1265106201172,775.8342895507812,0.8316296339035034,169.36439514160156,694.8826904296875,0.8976485133171082
125029,125027,453.8392028808594,728.9739379882812,0.9938167929649352,410.7550659179688,661.2396240234375,0.9176239371299744,377.6292724609375,731.049072265625,0.9922010898590088,375.7303161621094,691.5770263671875,0.9878723621368408,204.13868713378903,657.2453002929688,0.6090385913848877,248.9268341064453,771.1829833984375,0.8344199061393738,173.3891143798828,693.6806030273438,0.8829025626182556
125030,125028,457.6317138671875,722.2889404296875,0.9830961227416992,398.6681213378906,658.1798706054688,0.932083010673523,377.6593322753906,729.438232421875,0.9914029240608216,373.6784362792969,690.6812133789062,0.9925937056541444,240.653564453125,644.5330810546875,0.7183870077133179,250.1033935546875,764.6345825195312,0.7374712228775024,180.09124755859375,684.5005493164062,0.655653715133667
125031,125029,459.1363525390625,714.1765747070312,0.9736671447753906,393.94671630859375,654.8651123046875,0.9948651194572448,379.5082092285156,726.43798828125,0.994902729988098,373.94183349609375,689.0714111328125,0.989263117313385,241.0515594482422,642.9066772460938,0.7450670003890991,287.67364501953125,765.2686767578125,0.7574903964996338,178.77432250976562,686.0640869140625,0.6150575876235962
125032,125030,466.4941711425781,711.9965209960938,0.9781960248947144,393.98236083984375,654.9796142578125,0.9966625571250916,384.9306335449219,726.2889404296875,0.9963930249214172,379.67584228515625,689.6357421875,0.9931744933128356,241.02291870117188,643.9279174804688,0.7868289351463318,292.4766845703125,767.03173828125,0.7430145144462585,180.8713836669922,686.22265625,0.6465365886688232
125033,125031,470.7647399902344,713.0862426757812,0.977108359336853,400.4080505371094,657.2730712890625,0.995448648929596,391.4542846679688,727.7606811523438,0.994376301765442,383.6206665039063,690.9404296875,0.9948655962944032,242.8989562988281,646.8650512695312,0.8771459460258484,291.35479736328125,768.33447265625,0.7328014373779297,181.45225524902344,687.719482421875,0.8642525672912598
125034,125032,470.8871154785156,726.2332763671875,0.9837697744369508,412.0151977539063,661.28955078125,0.9538855552673341,390.4376220703125,731.6043701171875,0.9928915500640868,386.559814453125,693.5208740234375,0.996399998664856,249.67697143554688,647.6748046875,0.8060290813446045,296.431640625,768.4838256835938,0.6869677901268005,183.7827453613281,687.796142578125,0.8863173127174377
125035,125033,445.4933166503906,736.093994140625,0.8493555188179016,414.8395385742188,675.0076904296875,0.9794617295265198,388.1037902832031,737.943115234375,0.9938325881958008,388.1756896972656,703.2957763671875,0.991200864315033,243.7167205810547,648.7948608398438,0.479588657617569,298.29644775390625,768.896484375,0.4986990094184876,182.90493774414062,690.1150512695312,0.8382584452629089
125036,125034,428.3009948730469,742.7000122070312,0.9268773794174194,407.4459228515625,665.7418823242188,0.6235297918319702,383.66241455078125,737.3864135742188,0.9810574054718018,390.3463439941406,708.8140258789062,0.977748155593872,337.42230224609375,654.9451904296875,0.640587568283081,206.5406036376953,749.2601928710938,0.6919417381286621,183.5993804931641,688.6156005859375,0.881067156791687
125037,125035,459.7369079589844,724.5762329101562,0.8845810890197754,401.18255615234375,659.9761962890625,0.9622016549110411,372.79620361328125,741.7930908203125,0.9829498529434204,381.1982727050781,692.0340576171875,0.9439275860786438,280.75909423828125,648.658935546875,0.362754762172699,205.43548583984372,748.9110107421875,0.6859538555145264,183.45834350585938,688.2935791015625,0.8978679776191711
125038,125036,465.4284057617188,717.5419311523438,0.95204097032547,394.7977600097656,658.0803833007812,0.984486997127533,373.6009826660156,739.1842651367188,0.9890690445899964,378.53265380859375,689.2033081054688,0.9798921942710876,253.2756805419922,655.3326416015625,0.4725161790847778,203.2781524658203,749.811767578125,0.6380548477172852,181.6306304931641,692.1673583984375,0.8900578022003174
125039,125037,435.3789367675781,731.2723999023438,0.7558017373085022,408.3394775390625,657.7213134765625,0.9647909998893738,391.396728515625,731.5545043945312,0.98847895860672,387.5358276367188,691.93115234375,0.9939174056053162,290.50604248046875,641.081787109375,0.6997441053390503,226.129150390625,764.1032104492188,0.8541248440742493,180.16323852539062,696.2173461914062,0.8993974328041077
125040,125038,513.107666015625,640.5289916992188,0.6101174354553223,408.3590087890625,659.1740112304688,0.9870769381523132,401.1769714355469,735.0654907226562,0.994471549987793,396.6728210449219,696.4378051757812,0.9903035759925842,205.5351104736328,672.219970703125,0.5590411424636841,232.9691925048828,766.7281494140625,0.7678580284118652,184.8573455810547,702.014892578125,0.6775302290916443
125041,125039,468.5142822265625,729.3221435546875,0.6388054490089417,427.3335266113281,662.8521728515625,0.9785619974136353,411.0993957519531,731.3101196289062,0.978161096572876,410.3797912597656,693.2396240234375,0.993869125843048,217.4029235839844,673.0364990234375,0.23290058970451355,251.6596527099609,769.667724609375,0.7756730914115906,191.5184326171875,706.361083984375,0.8191744685173035
125042,125040,490.70025634765625,721.0596313476562,0.7472291588783264,445.74462890625,656.2774658203125,0.9507918953895568,423.5722351074219,725.9328002929688,0.9919907450675964,425.3081665039063,690.0147094726562,0.9823657870292664,267.85049438476557,645.7562255859375,0.20063333213329315,265.16793823242193,773.2088012695312,0.5184390544891357,203.79368591308597,709.9658813476562,0.7808573246002197
125043,125041,500.1194152832031,714.03564453125,0.8807145357131958,468.5321044921875,657.974609375,0.9161143302917479,434.5946044921875,719.1519775390625,0.9948541522026062,435.79388427734375,683.0696411132812,0.994724452495575,273.39520263671875,643.732177734375,0.7619818449020386,292.4947814941406,770.4826049804688,0.8390426039695741,225.44036865234372,721.8480224609375,0.9168190360069276
125044,125042,519.5230102539061,712.18505859375,0.9748864173889159,459.8921508789063,651.103759765625,0.9573453068733216,447.6578063964844,719.7421264648438,0.9914757013320924,441.30157470703125,683.60498046875,0.9824870228767396,283.0289611816406,642.7283325195312,0.8184580206871033,320.8585510253906,769.1986694335938,0.7686660885810852,236.43246459960938,731.7037353515625,0.9108180403709412
125045,125043,528.55615234375,717.1583862304688,0.976154923439026,463.612060546875,657.5730590820312,0.98416405916214,447.8157958984375,724.0657958984375,0.9967594742774964,443.29034423828125,688.37060546875,0.9867230057716371,288.47259521484375,645.236328125,0.8881540894508362,322.53192138671875,774.1738891601562,0.7171622514724731,244.16744995117188,734.4057006835938,0.8688850998878479
125046,125044,504.0654296875,724.8159790039062,0.2983129620552063,470.4441223144531,662.7789916992188,0.9393916726112366,445.8135986328125,732.4418334960938,0.9932249188423156,448.7457885742188,693.9251098632812,0.9887455105781556,278.76470947265625,656.7464599609375,0.8338718414306641,320.3419494628906,775.9863891601562,0.7383283972740173,238.6499481201172,739.0221557617188,0.9146743416786194
125047,125045,533.00634765625,724.948486328125,0.20847301185131076,470.93560791015625,673.0147094726562,0.8948447108268738,447.656982421875,738.201904296875,0.98817640542984,448.0586242675781,702.7278442382812,0.9767091274261476,280.69363403320307,656.0476684570312,0.7779385447502136,320.9393615722656,780.1945190429688,0.8502398133277893,241.22091674804688,738.5347290039062,0.7826112508773804
125048,125046,502.5783386230469,743.1631469726562,0.8149147629737854,473.8514404296875,676.1014404296875,0.9700304269790648,451.9230041503906,741.1123046875,0.9940868616104126,450.38525390625,705.2388916015625,0.983992040157318,64.81199645996094,222.1608123779297,0.8611531853675842,308.23150634765625,789.5482177734375,0.9264603853225708,239.8744964599609,744.3074951171875,0.7838630676269531
125049,125047,542.8761596679689,726.5204467773438,0.8170977234840393,476.06787109375,670.24365234375,0.9012405276298524,459.4412536621094,739.800537109375,0.9684981703758241,455.51397705078125,700.331787109375,0.9852083921432496,239.1631317138672,744.1513671875,0.32787156105041504,311.09490966796875,793.9369506835938,0.7704054713249207,240.6474609375,746.7279663085938,0.7247650623321533
125050,125048,549.0625,724.7904663085938,0.8726577758789062,483.71099853515625,667.95654296875,0.9851648807525636,463.9479370117188,740.936767578125,0.9899858236312866,461.8647155761719,696.6548461914062,0.993083953857422,269.60665893554693,690.961669921875,0.7786771655082703,319.2665710449219,793.7595825195312,0.7669051289558411,246.62863159179688,740.88623046875,0.9068851470947266
125051,125049,522.8101196289061,741.418212890625,0.9243720769882202,488.0448913574219,668.1522216796875,0.8824169635772705,479.3534240722656,736.0379028320312,0.9826939702033995,479.5313720703125,707.9929809570312,0.9757861495018004,279.3726806640625,689.6755981445312,0.8123857378959656,325.00189208984375,795.5133666992188,0.8971068859100342,251.79576110839844,740.2886352539062,0.9596139192581176
125052,125050,550.23583984375,733.8972778320312,0.9598519802093506,527.541259765625,666.7724609375,0.4644290208816528,487.88665771484375,735.7383422851562,0.9708843827247621,485.0973815917969,700.78173828125,0.980749785900116,301.56585693359375,686.4214477539062,0.8725062012672424,338.7261962890625,795.7033081054688,0.8509358167648315,265.0595703125,737.4781494140625,0.9553142786026
125053,125051,567.3216552734375,734.6190185546875,0.971439003944397,511.19769287109375,666.5799560546875,0.9899544715881348,495.3500671386719,739.2178344726562,0.989049792289734,494.0357360839844,700.8842163085938,0.9842489361763,319.03662109375,685.92578125,0.8263518810272217,347.907958984375,797.2313232421875,0.7299146056175232,275.18701171875,731.5054931640625,0.9699067473411559
